<?xml version="1.0" encoding="UTF-8"?>
<project-private xmlns="http://www.netbeans.org/ns/project-private/1">
    <editor-bookmarks xmlns="http://www.netbeans.org/ns/editor-bookmarks/2" lastBookmarkId="0"/>
    <open-files xmlns="http://www.netbeans.org/ns/projectui-open-files/2">
        <group>
            <file>file:/home/tkosan/NetBeansProjects/CircuitPiper/src/org/mathpiper/ui/gui/applications/circuitpiper/view/DrawingPanel.java</file>
            <file>file:/home/tkosan/NetBeansProjects/CircuitPiper/src/org/mathpiper/ui/gui/applications/circuitpiper/model/Circuit.java</file>
            <file>file:/home/tkosan/NetBeansProjects/CircuitPiper/src/org/mathpiper/ui/gui/applications/circuitpiper/view/ButtonPanel.java</file>
            <file>file:/home/tkosan/NetBeansProjects/CircuitPiper/src/org/mathpiper/ui/gui/applications/circuitpiper/circuitjs1/CirSim.java</file>
            <file>file:/home/tkosan/NetBeansProjects/CircuitPiper/src/org/mathpiper/ui/gui/applications/circuitpiper/view/CircuitPiperMain.java</file>
            <file>file:/home/tkosan/NetBeansProjects/CircuitPiper/src/org/mathpiper/ui/gui/applications/circuitpiper/view/CircuitPanel.java</file>
            <file>file:/home/tkosan/NetBeansProjects/CircuitPiper/src/org/mathpiper/ui/gui/applications/circuitpiper/circuitjs1/elements/CircuitElm.java</file>
            <file>file:/home/tkosan/NetBeansProjects/CircuitPiper/src/org/mathpiper/ui/gui/applications/circuitpiper/circuitjs1/CircuitNode.java</file>
        </group>
    </open-files>
</project-private>
