<?xml version="1.0" encoding="UTF-8"?>
<project-private xmlns="http://www.netbeans.org/ns/project-private/1">
    <editor-bookmarks xmlns="http://www.netbeans.org/ns/editor-bookmarks/2" lastBookmarkId="0"/>
    <open-files xmlns="http://www.netbeans.org/ns/projectui-open-files/2">
        <group>
            <file>file:/C:/Users/Brumo/Documents/repos/Advanced-Circuit-Analysis/Assignment%2014/circuitpiper_v.21/CircuitPiper/src/org/mathpiper/ui/gui/applications/circuitpiper/model/components/active/Battery.java</file>
            <file>file:/C:/Users/Brumo/Documents/repos/Advanced-Circuit-Analysis/Assignment%2014/circuitpiper_v.21/CircuitPiper/src/org/mathpiper/ui/gui/applications/circuitpiper/view/CircuitPiperMain.java</file>
            <file>file:/C:/Users/Brumo/Documents/repos/Advanced-Circuit-Analysis/Assignment%2014/circuitpiper_v.21/CircuitPiper/src/org/mathpiper/ui/gui/applications/circuitpiper/view/ButtonPanel.java</file>
            <file>file:/C:/Users/Brumo/Documents/repos/Advanced-Circuit-Analysis/Assignment%2014/circuitpiper_v.21/CircuitPiper/src/org/mathpiper/ui/gui/applications/circuitpiper/view/DrawingPanel.java</file>
            <file>file:/C:/Users/Brumo/Documents/repos/Advanced-Circuit-Analysis/Assignment%2014/circuitpiper_v.21/CircuitPiper/src/org/mathpiper/ui/gui/applications/circuitpiper/model/components/active/DCVoltageSource.java</file>
        </group>
    </open-files>
</project-private>
